dataset,mean_x,mean_y,std_x,std_y,corr_xy
away,54.266099784204926,47.83472062488412,16.769824954157365,26.939743418883353,-0.06412835215474483
bullseye,54.268730022378875,47.830823155217814,16.76923949342675,26.935726689885946,-0.06858639425794842
circle,54.267319706173936,47.83771726721831,16.7600126596722,26.93003608783034,-0.06834335645012027
dino,54.26327323943662,47.832252816901416,16.76514203911679,26.935403486939116,-0.06447185270095161
dots,54.26030345121761,47.83982920875564,16.76773548843259,26.93019151808552,-0.0603414419935386
h_lines,54.261441783514094,47.830251913635216,16.765897904068492,26.93987622003983,-0.06171483795667778
high_lines,54.26880527974154,47.83545020393662,16.76670401616923,26.939997961212942,-0.06850422050586688
slant_down,54.2678488233662,47.835896330588206,16.766758947404618,26.936104931637747,-0.06897973536063175
slant_up,54.26588178560211,47.83149565202444,16.7688526706285,26.938608070892247,-0.06860920644502214
star,54.26734110449506,47.839545225097886,16.76895921627654,26.93027468764851,-0.06296110022682305
v_lines,54.26992723102747,47.83698798816881,16.76995861135582,26.937683806973943,-0.06944556959817216
wide_lines,54.266916301257034,47.831601988006156,16.769999617967343,26.93790192771523,-0.06657523019998106
x_shape,54.26015033403803,47.839717279160425,16.76995769581929,26.93000168698099,-0.0655833373100656
